2020-09-30T11:50:03.050467Z,27,90715858,62687053
2020-09-30T12:00:02.216051Z,102,92724849,64835044
2020-09-30T12:10:02.782222Z,20,92548396,48095096
2020-09-30T12:20:02.931612Z,63,91710413,63230010
2020-09-30T12:30:02.256160Z,19,90148807,62853027
2020-09-30T12:40:02.560010Z,21,92606786,63415170
2020-09-30T12:50:02.576031Z,32,93113503,65390408
2020-09-30T13:00:02.586217Z,22,92310214,67474741
2020-09-30T13:10:02.967080Z,21,92215065,65627045
2020-09-30T13:20:02.180755Z,19,92431039,64632805
2020-09-30T13:30:02.213965Z,20,92476113,19375212
2020-09-30T13:40:02.184285Z,23,91911250,64103248
2020-09-30T13:50:02.242056Z,27,92498952,64349839
2020-09-30T14:00:02.310363Z,59,91239709,9083367
2020-09-30T14:10:02.506471Z,61,92655984,12835664
2020-09-30T14:20:02.632522Z,21,92453262,64406022
2020-09-30T14:30:03.020713Z,23,92103846,62933137
2020-09-30T14:40:17.336920Z,32,41245431,12906452
2020-09-30T14:50:02.581708Z,56,92438049,69120641
2020-09-30T15:00:02.773446Z,21,92708438,806129
2020-09-30T15:10:02.706411Z,19,92664389,5912266
2020-09-30T15:20:02.337726Z,21,92590159,7335474
2020-09-30T15:30:02.618859Z,22,92584215,8148542
2020-09-30T15:40:02.142829Z,26,92604003,5976622
2020-09-30T15:50:03.175462Z,19,92130939,6207041
2020-09-30T16:00:02.847553Z,21,92117469,5787370
2020-09-30T16:10:02.613936Z,21,92627929,2471981
2020-09-30T16:20:02.781079Z,20,92128164,3560801
2020-09-30T16:30:02.150541Z,19,92424377,650706
2020-09-30T16:40:02.657956Z,66,92153751,714405
2020-09-30T16:50:02.422902Z,60,92495975,709102
2020-09-30T17:00:02.148324Z,63,93011390,3833388
2020-09-30T17:10:03.223408Z,22,92498207,617629
2020-09-30T17:20:02.830116Z,19,92733977,643360
2020-09-30T17:30:02.934644Z,29,92785138,803540
2020-09-30T17:40:02.522505Z,59,93007835,786296
2020-09-30T17:50:02.218652Z,61,91586167,718165
2020-09-30T18:10:02.108594Z,21,92467256,1218152
2020-09-30T18:20:02.465671Z,63,92674008,65462826
2020-09-30T18:30:07.924468Z,27,92535467,64835187
2020-09-30T18:40:02.160138Z,26,92664546,22091574
2020-09-30T18:50:02.417090Z,21,93285279,44532022
2020-09-30T19:00:02.406104Z,29,90716306,1851673
2020-09-30T19:10:02.881660Z,21,92660469,62176976
2020-09-30T19:20:03.043879Z,20,92726831,25372358
2020-09-30T19:30:02.466077Z,66,90874302,61820692
2020-09-30T19:40:03.047653Z,20,92738049,63321139
2020-09-30T19:50:03.070137Z,61,91900934,60985979
2020-09-30T20:00:02.433688Z,25,92719375,55541016
2020-09-30T20:10:02.578487Z,19,91807905,46161761
2020-09-30T20:20:02.815585Z,63,92217261,67581713
2020-09-30T20:30:02.096658Z,58,92866059,68677762
2020-09-30T20:40:02.410723Z,19,92579462,68022050
2020-09-30T20:50:02.422333Z,65,91983317,68839631
2020-09-30T21:00:02.779899Z,22,92356431,67529740
2020-09-30T21:10:02.204374Z,18,93141964,68898727
2020-09-30T21:20:02.288681Z,63,91383067,67496632
2020-09-30T21:30:02.661615Z,57,92169596,30819123
2020-09-30T21:40:03.018077Z,19,92425743,69062391
2020-09-30T21:50:09.046480Z,107,92571952,1117444
2020-09-30T22:00:02.913012Z,20,92793382,66835080
2020-09-30T22:10:03.034063Z,19,92180591,66671957
2020-09-30T22:20:02.203566Z,25,92880075,68253813
2020-09-30T22:30:02.917674Z,21,92689507,67639845
2020-09-30T22:40:02.308449Z,59,92406316,63881512
2020-09-30T22:50:02.626645Z,26,92769011,66978163
2020-09-30T23:00:02.851320Z,57,92040738,65869262
2020-09-30T23:10:02.396479Z,19,92739453,65899891
2020-09-30T23:20:02.671840Z,25,91746276,66534734
2020-09-30T23:30:02.896496Z,59,92683078,67568929
2020-09-30T23:40:02.200154Z,20,92883020,66720413
2020-09-30T23:50:02.613487Z,36,93069526,68262990
2020-10-01T00:00:02.689109Z,20,91829238,69172638
2020-10-01T00:10:02.894604Z,20,92366164,68463475
2020-10-01T00:20:03.066634Z,66,92222355,68169577
2020-10-01T00:30:03.044119Z,21,92857136,67600474
2020-10-01T00:40:02.335463Z,58,90315030,63865072
2020-10-01T00:50:02.685819Z,24,92864529,58270187
2020-10-01T01:00:02.708071Z,60,92398297,2262097
2020-10-01T01:10:02.798386Z,19,91361763,68918875
2020-10-01T01:20:02.997933Z,24,92869030,67744142
2020-10-01T01:30:02.138901Z,18,92659103,66751046
2020-10-01T01:40:02.245355Z,64,87825908,14239510
2020-10-01T01:50:02.495345Z,20,92523028,67813588
2020-10-01T02:00:02.655693Z,60,91549822,68180192
2020-10-01T02:10:02.093245Z,64,91252294,33521175
2020-10-01T02:20:02.274886Z,20,92941743,67894910
2020-10-01T02:30:02.714469Z,21,92937883,67436989
2020-10-01T02:40:02.821999Z,19,92466442,67329194
2020-10-01T02:50:02.844119Z,25,92198192,68233278
2020-10-01T03:00:02.913624Z,20,92438191,67547556
2020-10-01T03:10:02.187398Z,59,92556612,68341470
2020-10-01T03:20:02.678081Z,22,92045197,67999545
2020-10-01T03:30:02.748841Z,19,92709720,67464363
2020-10-01T03:40:03.003366Z,20,93190721,67383772
2020-10-01T03:50:02.769085Z,27,91974958,64296835
2020-10-01T04:00:02.908184Z,58,90991555,68644964
2020-10-01T04:10:02.322135Z,58,75613564,61437256
2020-10-01T04:20:02.655926Z,19,92212548,3200007
2020-10-01T04:30:02.900390Z,19,93054580,67808992
2020-10-01T04:40:02.951825Z,19,92800163,66612807
2020-10-01T04:50:02.990674Z,26,93101913,67861278
2020-10-01T05:10:02.433497Z,25,92777800,65136661
2020-10-01T05:20:02.863601Z,57,92689765,68401358
2020-10-01T05:30:02.116838Z,20,92644505,65824731
2020-10-01T05:40:02.179002Z,57,92375132,68379850
2020-10-01T05:50:02.491667Z,20,92728280,68404152
2020-10-01T06:00:02.572142Z,28,92242989,67251804
2020-10-01T06:10:02.985831Z,20,92330241,65390989
2020-10-01T06:20:02.347885Z,19,92262132,66159926
2020-10-01T06:30:03.007708Z,61,37136808,0
2020-10-01T06:40:02.527794Z,20,92856151,67168496
2020-10-01T06:50:02.562339Z,26,92306600,68250133
2020-10-01T07:00:02.718723Z,20,92017343,64901231
2020-10-01T07:10:02.908652Z,59,92640093,60886910
2020-10-01T07:20:02.337485Z,20,93287307,62627113
2020-10-01T07:30:02.261946Z,22,92452042,67421346
2020-10-01T07:40:02.417568Z,30,92664126,64711125
2020-10-01T08:00:03.171568Z,20,92235617,1143883
2020-10-01T08:10:02.732021Z,18,87866717,841512
2020-10-01T08:20:02.148353Z,18,92547359,4896939
2020-10-01T08:30:02.875689Z,24,66695335,638815
2020-10-01T08:40:02.415327Z,95,91420890,4876368
2020-10-01T08:50:02.493617Z,21,92774129,20143624
2020-10-01T09:00:02.995943Z,20,91378843,14000299
2020-10-01T09:10:02.410294Z,26,92086412,21577435
2020-10-01T09:20:02.967809Z,23,91885015,12150783
2020-10-01T09:30:02.205521Z,20,93205770,20030150
2020-10-01T09:40:02.253021Z,23,93124325,50053038
2020-10-01T09:50:02.224718Z,20,92847787,34542920
2020-10-01T10:00:02.296135Z,26,91824447,34985463
2020-10-01T10:10:02.146548Z,22,92497520,48006706
2020-10-01T10:20:02.533978Z,21,92028233,49908260
2020-10-01T10:30:02.706917Z,20,92775716,51117377
2020-10-01T10:40:03.012037Z,75,92393551,10898533
2020-10-01T10:50:03.078129Z,21,92979241,14450916
2020-10-01T11:00:02.169817Z,20,90909291,16651959
2020-10-01T11:10:02.533325Z,26,93050805,26291110
2020-10-01T11:20:02.938109Z,56,93043228,16277570
2020-10-01T11:30:02.306329Z,21,91991631,69102410
2020-10-01T11:40:02.510317Z,19,92981740,66541481
2020-10-01T11:50:02.549909Z,20,92093608,69187314
2020-10-01T12:00:03.124794Z,59,91784967,69265707
2020-10-01T12:10:02.620404Z,25,92842979,71457394
2020-10-01T12:20:02.763781Z,19,92541909,65691126
2020-10-01T12:30:02.764066Z,61,92443683,63910306
2020-10-01T12:40:02.153537Z,20,90884947,16601013
2020-10-01T12:50:02.757590Z,20,93009445,63751153
2020-10-01T13:00:02.150013Z,27,92881277,63304529
2020-10-01T13:10:02.537184Z,59,91666941,49100847
2020-10-01T13:20:03.251130Z,61,92267147,53229390
2020-10-01T13:30:02.561451Z,62,92608231,63219511
2020-10-01T13:40:03.034334Z,19,92614435,61641313
2020-10-01T13:50:02.343418Z,20,91007700,8513964
2020-10-01T14:00:02.727915Z,29,92615674,11421631
2020-10-01T14:10:02.360553Z,21,92809924,13466789
2020-10-01T14:20:02.992041Z,19,92941020,14163084
2020-10-01T14:30:03.038941Z,62,92797533,5028935
2020-10-01T14:40:02.702716Z,20,91628332,1313528
2020-10-01T14:50:02.476467Z,27,92161375,12357212
2020-10-01T15:00:02.698767Z,19,92882325,529917
2020-10-01T15:10:02.178442Z,20,92882744,835646
2020-10-01T15:20:02.750415Z,25,92879546,6178054
2020-10-01T15:30:02.748595Z,19,92744288,1257054
2020-10-01T15:40:02.888201Z,322,48293417,32244380
2020-10-01T15:50:02.432582Z,21,92639910,2946312
2020-10-01T16:00:03.260913Z,23,93118704,2331730
2020-10-01T16:10:02.891288Z,24,93262043,2836633
2020-10-01T16:20:02.717013Z,24,92482206,446817
2020-10-01T16:30:02.335317Z,21,92216162,3068074
2020-10-01T16:40:02.183428Z,20,93093761,646864
2020-10-01T16:50:02.586365Z,20,70814627,475415
2020-10-01T17:00:02.324569Z,65,92025799,603496
2020-10-01T17:10:02.188947Z,21,91517781,6312131
2020-10-01T17:20:08.225438Z,24,93005649,579537
2020-10-01T17:30:02.900485Z,19,92175186,629723
2020-10-01T17:40:02.190882Z,58,91778591,3297768
2020-10-01T18:00:02.648081Z,64,92742824,259727
2020-10-01T18:10:05.214630Z,956,84111211,14259390
2020-10-01T18:20:02.075142Z,25,93218451,69173605
2020-10-01T18:30:03.061848Z,27,93071011,6879598
2020-10-01T18:40:19.352953Z,600265,67722581,450170
2020-10-01T19:00:03.453600Z,697,620091,67718193
2020-10-01T19:10:02.141017Z,21,6489882,0
2020-10-01T19:20:02.222825Z,20,15234203,142834
2020-10-01T19:30:02.568692Z,20,7481138,197056
2020-10-01T19:50:02.125920Z,26,92069645,6780013
2020-10-01T21:00:08.728419Z,448,19093094,4423776
2020-10-01T21:10:02.162598Z,59,93113659,69291960
2020-10-01T21:20:02.485938Z,21,37422894,267346
2020-10-01T21:30:02.161862Z,20,92784840,142839
2020-10-01T21:40:02.305333Z,19,93025942,366899
2020-10-01T21:50:02.166679Z,20,93043284,349817
2020-10-01T22:00:02.509628Z,28,93139783,382130
2020-10-01T23:20:03.042864Z,24,92282933,229562
2020-10-01T23:30:02.268101Z,19,92558728,330679
2020-10-02T00:40:06.461693Z,924,76909072,67959227
2020-10-02T00:50:02.345603Z,21,28853967,133821
2020-10-02T01:00:03.087282Z,21,89242987,149276
2020-10-02T01:10:02.282262Z,25,91598049,291335
2020-10-02T01:20:02.496054Z,21,92511988,121197
2020-10-02T01:30:03.109347Z,624,685049,46981290
2020-10-02T02:00:02.897277Z,67,90207860,116863
2020-10-02T02:20:02.746234Z,22,85283660,24481220
2020-10-02T02:30:02.804407Z,62,11207257,0
2020-10-02T02:40:02.508853Z,600055,83832580,67834517
2020-10-02T02:50:02.104152Z,21,91304878,280368
2020-10-02T03:10:02.729926Z,21,92254288,278629
2020-10-02T03:20:03.298663Z,23,8997922,0
2020-10-02T03:30:02.719684Z,27,92562108,318643
2020-10-02T03:40:02.228144Z,19,91640487,198866
2020-10-02T03:50:02.697543Z,21,26919105,0
2020-10-02T04:00:02.148463Z,19,6287044,0
2020-10-02T04:10:02.763814Z,23,21478538,24906
2020-10-02T04:30:02.423247Z,26,22894865,0
2020-10-02T04:50:02.457977Z,59,92798444,127414
2020-10-02T05:10:08.370280Z,2156,883566,68120923
2020-10-02T05:20:02.843859Z,1542,73773388,67258103
2020-10-02T05:30:02.869312Z,24,91919172,69086667
2020-10-02T05:50:17.149025Z,928,79965174,61188084
2020-10-02T06:20:02.498661Z,107,16449070,0
2020-10-02T06:30:02.503757Z,19,14015543,187374
2020-10-02T06:40:02.119126Z,65,92033168,12834027
2020-10-02T06:50:02.845369Z,19,92952723,1132476
2020-10-02T07:00:02.862749Z,20,15176046,189150
2020-10-02T07:10:02.372823Z,21,4769303,0
2020-10-02T07:20:02.706065Z,24,31176746,0
2020-10-02T07:40:02.297841Z,34,8635216,227907
2020-10-02T07:50:02.857992Z,21,93155970,129814
2020-10-02T08:00:11.631579Z,268,14642142,58344475
2020-10-02T08:10:02.487627Z,72,92653760,742325
2020-10-02T08:20:02.514375Z,20,92462067,1155363
2020-10-02T08:30:02.230906Z,59,92214417,116852
2020-10-02T08:50:02.773238Z,25,38313670,141624
2020-10-02T09:00:02.812061Z,19,92259708,324720
2020-10-02T09:10:02.242301Z,66,5522084,0
2020-10-02T09:20:02.215215Z,21,18275012,0
2020-10-02T09:30:02.228920Z,21,92080726,5907799
2020-10-02T09:40:02.884856Z,20,92052002,362982
2020-10-02T10:10:02.922174Z,29,91859049,29400197
2020-10-02T10:20:02.468929Z,28,93158913,63252954
2020-10-02T10:30:02.499346Z,65,92978361,65878455
2020-10-02T10:40:02.856133Z,28,91330259,68861483
2020-10-02T10:50:02.938827Z,26,92711547,68875223
2020-10-02T11:00:02.943358Z,25,91460247,68971998
2020-10-02T11:10:02.171684Z,67,92037567,68326486
2020-10-02T11:20:02.768594Z,25,91334231,68800281
2020-10-02T11:30:02.871278Z,101,92213593,69039049
2020-10-02T11:40:02.861592Z,27,91533853,68981443
2020-10-02T11:50:02.971250Z,27,92727894,68554768
2020-10-02T12:00:02.937475Z,28,93022030,67735167
2020-10-02T12:10:03.004133Z,28,91539092,68373586
2020-10-02T12:20:02.211751Z,69,92912603,68034933
2020-10-02T12:30:02.445474Z,70,92965497,67135195
2020-10-02T12:40:02.967181Z,26,92578866,67095658
2020-10-02T12:50:02.939625Z,28,93190133,67937652
2020-10-02T13:00:03.571955Z,66,91883126,68330338
2020-10-02T13:10:02.107967Z,27,93256865,67166739
2020-10-02T13:20:02.319983Z,25,91627097,67926520
2020-10-02T13:30:02.438254Z,27,91360969,66820019
2020-10-02T13:40:02.705476Z,28,93135944,35046761
2020-10-02T13:50:02.674127Z,68,91979590,68790014
2020-10-02T14:00:02.959854Z,65,92102056,69072623
2020-10-02T14:10:02.319305Z,64,92761868,69146367
2020-10-02T14:20:02.782703Z,28,92758902,69294513
2020-10-02T14:30:02.781564Z,23,93002180,68187262
2020-10-02T14:40:02.833852Z,64,92651778,66641428
2020-10-02T14:50:02.316241Z,27,92924827,67638541
2020-10-02T15:00:02.353352Z,27,91514756,68845818
2020-10-02T15:10:02.568629Z,28,91888380,67182711
2020-10-02T15:20:02.867528Z,63,92075186,68288085
2020-10-02T15:30:02.269773Z,58,92818897,69102545
2020-10-02T15:40:02.574462Z,18,91521219,62829264
2020-10-02T15:50:02.473220Z,18,92034676,68078845
2020-10-02T16:00:02.463701Z,19,92385667,68312421
2020-10-02T16:10:02.627955Z,62,92680349,69079468
2020-10-02T16:20:02.976225Z,18,91152643,68558783
2020-10-02T16:30:03.011543Z,19,93144491,68214076
2020-10-02T16:40:03.028508Z,19,93187315,68797714
2020-10-02T16:50:02.935087Z,65,92189349,68580670
2020-10-02T17:00:03.104425Z,19,91784734,68019362
2020-10-02T17:10:02.388487Z,62,92095570,68482319
2020-10-02T17:20:02.841145Z,96,93028237,68858260
2020-10-02T17:30:02.220716Z,140,91153851,67484930
2020-10-02T17:40:02.251722Z,19,92651724,67614380
2020-10-02T17:50:02.288364Z,33,92506134,64950585
2020-10-02T18:00:07.417415Z,73,92749662,62989006
2020-10-02T18:10:02.841912Z,18,92122515,69043403
2020-10-02T18:20:03.245805Z,21,91642501,68496934
2020-10-02T18:30:02.302859Z,56,93158531,64954655
2020-10-02T18:40:02.524681Z,22,92585045,67456489
2020-10-02T18:50:02.492676Z,23,91855990,61920265
2020-10-02T19:00:02.591281Z,19,92146400,68901467
2020-10-02T19:10:02.641545Z,100,92787847,62480320
2020-10-02T19:20:02.198347Z,60,93334398,68228579
2020-10-02T19:30:02.319333Z,20,92941139,67134812
2020-10-02T19:40:03.029070Z,18,92755888,69225631
2020-10-02T19:50:02.979410Z,64,93257466,58954070
2020-10-02T20:00:02.418004Z,17,91243552,66565554
2020-10-02T20:10:02.744639Z,18,93132333,67276807
2020-10-02T20:20:03.013583Z,23,92972052,67129882
2020-10-02T20:30:02.067293Z,20,93187628,69029772
2020-10-02T20:40:02.137148Z,56,92883936,67617186
2020-10-02T20:50:02.535134Z,23,92720629,68614294
2020-10-02T21:00:03.039928Z,18,92840117,68299831
2020-10-02T21:10:02.239132Z,19,93341670,69277967
2020-10-02T21:20:02.274560Z,65,93103035,61055887
2020-10-02T21:30:02.444499Z,98,92893602,68334562
2020-10-02T21:40:02.997858Z,61,92249312,68868081
2020-10-02T21:50:02.244598Z,24,92918102,61274067
2020-10-02T22:00:02.252696Z,20,91544194,65550710
2020-10-02T22:10:02.620392Z,63,92700090,67089828
2020-10-02T22:20:03.199581Z,57,92641339,67599434
2020-10-02T22:30:02.382534Z,58,92898155,64110083
2020-10-02T22:40:02.647058Z,24,92691393,67535334
2020-10-02T22:50:02.789108Z,19,93403426,63385934
2020-10-02T23:00:02.695853Z,56,92602496,67382761
2020-10-02T23:10:02.128745Z,24,93156830,69492893
2020-10-02T23:20:02.184784Z,58,92465254,68160789
2020-10-02T23:30:02.380834Z,25,92860771,68301502
2020-10-02T23:40:02.578787Z,19,92531671,68823827
2020-10-02T23:50:02.558235Z,25,93051160,68568569
2020-10-03T00:00:02.589765Z,19,93048916,67977343
2020-10-03T00:10:02.781821Z,57,92904428,63829660
2020-10-03T00:20:02.069267Z,19,92784283,69703829
2020-10-03T00:30:03.010539Z,17,92580572,69031193
2020-10-03T00:40:03.054312Z,25,92827431,68350690
2020-10-03T00:50:02.991657Z,25,91624740,68192272
2020-10-03T01:00:03.745509Z,19,92319648,69135598
2020-10-03T01:10:02.865394Z,55,92540615,68016550
2020-10-03T01:20:02.345836Z,18,91840799,68546478
2020-10-03T01:30:02.389591Z,18,93217279,68054022
2020-10-03T01:40:02.528257Z,26,92726872,66827558
2020-10-03T01:50:02.640307Z,28,93355549,68611172
2020-10-03T02:00:02.572420Z,19,92867070,69101292
2020-10-03T02:10:02.626524Z,24,93057246,63791274
2020-10-03T02:20:02.876672Z,20,93013793,68036152
2020-10-03T02:30:02.824861Z,17,93079651,68635260
2020-10-03T02:40:02.831842Z,19,92195283,67612812
2020-10-03T02:50:02.945385Z,19,92414989,69093843
2020-10-03T03:00:02.915721Z,18,93081179,69111291
2020-10-03T03:10:02.947631Z,62,89093915,69053345
2020-10-03T03:20:02.736824Z,99,92650781,69221554
2020-10-03T03:30:02.175217Z,57,92523154,68464895
2020-10-03T03:40:02.648322Z,19,92637456,68430846
2020-10-03T03:50:02.665380Z,26,93333246,68388335
2020-10-03T04:00:02.668333Z,19,92623023,69272515
2020-10-03T04:10:02.702321Z,17,92896810,69008692
2020-10-03T04:20:02.770828Z,19,92896654,66115648
2020-10-03T04:30:02.228192Z,59,92806932,63057877
2020-10-03T04:40:02.529777Z,26,93028034,69190038
2020-10-03T04:50:02.486040Z,24,92422686,68933565
2020-10-03T05:00:02.924530Z,58,93201045,69079767
2020-10-03T05:10:02.190123Z,20,92085990,67442634
2020-10-03T05:20:03.539152Z,19,92479798,68454263
2020-10-03T05:30:02.528380Z,18,92538732,67390532
2020-10-03T05:40:02.767026Z,61,93248388,68355665
2020-10-03T05:50:02.999072Z,22,91923017,68429615
2020-10-03T06:00:03.048166Z,57,92553386,68883891
2020-10-03T06:10:02.347517Z,17,92762052,68258665
2020-10-03T06:20:02.733405Z,32,92238709,63388243
2020-10-03T06:30:02.845787Z,55,93117366,68283905
2020-10-03T06:40:02.231528Z,19,92694917,68757975
2020-10-03T06:50:02.136628Z,58,91668858,68542939
2020-10-03T07:00:02.372042Z,60,92009135,69133056
2020-10-03T07:10:02.766594Z,25,92913759,67374509
2020-10-03T07:20:02.103219Z,25,92974836,68077575
2020-10-03T07:30:03.051469Z,19,90605790,68532776
2020-10-03T07:40:02.888877Z,20,93120316,68946115
2020-10-03T07:50:02.831612Z,18,93112514,68347886
2020-10-03T08:00:02.766990Z,61,92356244,57564816
2020-10-03T08:10:02.143284Z,62,92674102,67598397
2020-10-03T08:20:02.637174Z,61,93248193,67183617
2020-10-03T08:30:03.023578Z,57,92101697,68854200
2020-10-03T08:40:02.315224Z,62,92186797,68096638
2020-10-03T08:50:02.627163Z,19,92783519,63769562
2020-10-03T09:00:03.262521Z,57,92667831,63291895
2020-10-03T09:10:02.574289Z,24,92888416,67575292
2020-10-03T09:20:02.785161Z,56,91878352,68826933
2020-10-03T09:30:03.046101Z,31,91223540,68633079
2020-10-03T09:40:02.304001Z,18,92212144,63138367
2020-10-03T09:50:02.270202Z,59,92275547,69112341
2020-10-03T10:00:02.524010Z,18,92995871,49323359
2020-10-03T10:10:02.226210Z,29,92984590,68795322
2020-10-03T10:20:02.476959Z,57,93078250,62986784
2020-10-03T10:30:02.634683Z,23,92226882,66263220
2020-10-03T10:40:02.263823Z,81,91045714,48623029
2020-10-03T10:50:02.882728Z,19,92445230,67769641
2020-10-03T11:00:02.950338Z,57,92118722,68014275
2020-10-03T11:10:02.382004Z,63,92910400,69331744
2020-10-03T11:20:02.687251Z,18,92859173,69268765
2020-10-03T11:30:02.605692Z,56,92391582,68638017
2020-10-03T11:40:03.050875Z,19,92660822,69048639
2020-10-03T11:50:02.982974Z,57,92971721,69630244
2020-10-03T12:00:02.141690Z,20,92344203,63395600
2020-10-03T12:10:02.255322Z,23,92749243,69278648
2020-10-03T12:20:02.348575Z,55,92533409,69215934
2020-10-03T12:30:02.527260Z,57,92511303,69152613
2020-10-03T12:40:02.867777Z,58,93199274,69273271
2020-10-03T12:50:02.994474Z,18,91767758,68811153
2020-10-03T13:00:03.355449Z,24,92900426,68405016
2020-10-03T13:10:02.428221Z,68,93290724,63373378
2020-10-03T13:20:02.820857Z,18,90249019,68604065
2020-10-03T13:30:02.894174Z,18,93151227,62216313
2020-10-03T13:40:02.150682Z,18,92023051,68221553
2020-10-03T13:50:02.224040Z,60,93349481,69213811
2020-10-03T14:00:02.323890Z,24,93095725,67441491
2020-10-03T14:10:02.624107Z,59,92778366,68996397
2020-10-03T14:20:03.165687Z,18,91576902,67490202
2020-10-03T14:30:02.335651Z,19,92715149,63401727
2020-10-03T14:40:02.381125Z,18,92717283,69239897
2020-10-03T14:50:02.327542Z,31,92700253,62640320
2020-10-03T15:00:02.398127Z,57,92927015,68574942
2020-10-03T15:10:02.665200Z,18,92559266,68695244
2020-10-03T15:20:02.790180Z,18,92505048,67139710
2020-10-03T15:30:02.915863Z,32,91870926,68495112
2020-10-03T15:40:02.323353Z,19,92974534,68657546
2020-10-03T15:50:02.254190Z,25,92654463,69456390
2020-10-03T16:00:02.212165Z,25,92749630,67224735
2020-10-03T16:10:02.487283Z,96,92642624,66620335
2020-10-03T16:20:02.277571Z,93,92726623,68901270
2020-10-03T16:30:02.834342Z,24,93090073,69417693
2020-10-03T16:40:02.885295Z,18,92526155,69135971
2020-10-03T16:50:02.844067Z,21,92321409,68554670
2020-10-03T17:00:03.597421Z,31,92561546,61068325
2020-10-03T17:10:03.029080Z,21,92539116,65879782
2020-10-03T17:20:02.568288Z,19,91692155,68731241
2020-10-03T17:30:02.647799Z,63,92244465,68607670
2020-10-03T17:40:02.095970Z,19,92707339,68027218
2020-10-03T17:50:02.105363Z,19,93198689,63854889
2020-10-03T18:00:03.126643Z,204,92548915,55524185
2020-10-03T18:10:02.303117Z,21,92993464,65956644
2020-10-03T18:20:02.795574Z,19,92737854,68699582
2020-10-03T18:30:02.769286Z,61,91929857,67966185
2020-10-03T18:40:02.098907Z,18,92273029,67934031
2020-10-03T18:50:02.090895Z,58,92416659,65761032
2020-10-03T19:00:02.257439Z,28,92602286,61150249
2020-10-03T19:10:02.366569Z,19,93258721,67521457
2020-10-03T19:20:02.492700Z,59,93321018,63949169
2020-10-03T19:30:02.605798Z,24,93036426,69482578
2020-10-03T19:40:03.188878Z,19,92612432,69009705
2020-10-03T19:50:02.160616Z,18,92395443,68315602
2020-10-03T20:00:02.259009Z,18,92400047,68513509
2020-10-03T20:10:02.401665Z,18,93356161,69267401
2020-10-03T20:20:02.385271Z,57,91917620,64095148
2020-10-03T20:30:02.627107Z,24,92520223,66709673
2020-10-03T20:40:02.974401Z,20,92616697,68616264
2020-10-03T20:50:02.949703Z,58,92941166,67082561
2020-10-03T21:00:02.920712Z,19,92367957,68027119
2020-10-03T21:10:03.062331Z,19,92008119,67640950
2020-10-03T21:20:02.170059Z,24,93215120,69437020
2020-10-03T21:30:02.077863Z,18,92955796,69309143
2020-10-03T21:40:02.114007Z,19,92407712,67938975
2020-10-03T21:50:02.259564Z,26,92475528,68330471
2020-10-03T22:00:02.428439Z,19,93079637,68986237
2020-10-03T22:10:02.460877Z,97,91225496,68792619
2020-10-03T22:20:02.258756Z,19,92186388,67664770
2020-10-03T22:30:02.450003Z,22,92736826,69166594
2020-10-03T22:40:02.635607Z,17,92930672,66814346
2020-10-03T22:50:02.518572Z,24,92692072,68575091
2020-10-03T23:00:02.481008Z,19,92580518,68032970
2020-10-03T23:10:02.609716Z,55,92583048,68938972
2020-10-03T23:20:02.931465Z,344,92808480,66601749
2020-10-03T23:30:02.139138Z,18,92206756,67828209
2020-10-03T23:40:02.812468Z,56,92711094,63016807
2020-10-03T23:50:03.029877Z,24,93370338,68728450
2020-10-04T00:00:02.999371Z,64,91630255,68922317
2020-10-04T00:10:02.394220Z,19,92720665,68848383
2020-10-04T00:20:02.477746Z,19,92321437,68077416
2020-10-04T00:30:02.627373Z,23,92808042,67500033
2020-10-04T00:40:02.852086Z,20,92114341,63517542
2020-10-04T00:50:02.887759Z,58,92766302,69498811
2020-10-04T01:00:02.910118Z,28,92775288,67844789
2020-10-04T01:10:03.002455Z,27,92866194,68131721
2020-10-04T01:20:02.188763Z,24,92879308,68650002
2020-10-04T01:30:02.145534Z,19,93048422,69014453
2020-10-04T01:40:02.166475Z,56,93034440,69626491
2020-10-04T01:50:02.299191Z,19,92860787,69465446
2020-10-04T02:00:02.249327Z,20,92221069,69203457
2020-10-04T02:10:02.337874Z,19,91415573,69195100
2020-10-04T02:20:02.689750Z,58,92978365,68646867
2020-10-04T02:30:02.878472Z,58,92339334,66218525
2020-10-04T02:40:02.431837Z,18,93328147,68571824
2020-10-04T02:50:02.514333Z,25,93462495,68487763
2020-10-04T03:00:02.482269Z,57,92058885,67435604
2020-10-04T03:10:02.977011Z,23,92588473,69073177
2020-10-04T03:20:02.100301Z,21,92155656,68388100
2020-10-04T03:30:02.154444Z,19,93035450,67775148
2020-10-04T03:40:02.567803Z,19,93322274,68516166
2020-10-04T03:50:02.452363Z,64,92560916,69209017
2020-10-04T04:00:02.724269Z,23,91437432,68077810
2020-10-04T04:10:03.044516Z,63,92891957,66843969
2020-10-04T04:20:02.481886Z,17,92434620,68962316
2020-10-04T04:30:02.589899Z,57,92319793,67232329
2020-10-04T04:40:02.921259Z,18,92401220,63845115
2020-10-04T04:50:03.016399Z,30,90795134,69655333
2020-10-04T05:00:02.802185Z,17,92472724,63582715
2020-10-04T05:10:02.917162Z,19,92642697,63012352
2020-10-04T05:20:03.083603Z,19,93213038,68980323
2020-10-04T05:30:02.995324Z,18,92139838,62442373
2020-10-04T05:40:03.026063Z,55,92842465,68480122
2020-10-04T05:50:02.267392Z,65,93337939,68266491
2020-10-04T06:00:02.483448Z,18,77493067,68361079
2020-10-04T06:10:02.601375Z,56,91180243,69437704
2020-10-04T06:20:03.078752Z,65,92756536,63140760
2020-10-04T06:30:02.327018Z,17,92087020,68304921
2020-10-04T06:40:02.584086Z,57,93039028,69460691
2020-10-04T06:50:02.745523Z,24,92803594,67625423
2020-10-04T07:00:02.881959Z,19,92648028,67660610
2020-10-04T07:10:02.179288Z,18,92009269,68478018
2020-10-04T07:20:02.362297Z,18,92535044,68973905
2020-10-04T07:30:02.339112Z,62,92353093,66874877
2020-10-04T07:40:02.800856Z,17,93156713,52543974
2020-10-04T07:50:02.696545Z,55,92897692,68621403
2020-10-04T08:00:02.886234Z,58,93149283,69623985
2020-10-04T08:10:02.140343Z,23,92456478,69371651
2020-10-04T08:20:02.285068Z,138,93154475,69072612
2020-10-04T08:30:02.908000Z,96,93080080,67235704
2020-10-04T08:40:02.675083Z,18,91689718,69226531
2020-10-04T08:50:02.725413Z,19,92825115,63781340
2020-10-04T09:00:03.018477Z,20,93131014,62810759
2020-10-04T09:10:03.033523Z,24,92718053,67863528
2020-10-04T09:20:02.129506Z,19,92727755,63385709
2020-10-04T09:30:02.180806Z,59,93188774,60460426
2020-10-04T09:40:02.435924Z,18,93117988,62773168
2020-10-04T09:50:02.482627Z,59,92840980,67847745
2020-10-04T10:00:02.930518Z,28,93205916,62820771
2020-10-04T10:10:02.718719Z,18,91314468,68989809
2020-10-04T10:20:02.999770Z,17,93032616,69198909
2020-10-04T10:30:02.922983Z,56,92939163,67911045
2020-10-04T10:40:02.321291Z,19,93231974,63024006
2020-10-04T10:50:02.208422Z,18,92515369,69248201
2020-10-04T11:00:02.204351Z,31,92735896,69379028
2020-10-04T11:10:02.332419Z,94,92761870,68702085
2020-10-04T11:20:02.899765Z,20,93142481,67850828
2020-10-04T11:30:02.845737Z,20,93080774,69184958
2020-10-04T11:40:03.135454Z,61,92041982,69401951
2020-10-04T11:50:02.358093Z,18,93312660,69082502
2020-10-04T12:00:02.248273Z,63,92576607,68644437
2020-10-04T12:10:02.536982Z,17,93078934,68835236
2020-10-04T12:20:02.635007Z,19,92512962,67235466
2020-10-04T12:30:02.701814Z,62,91981850,63065918
2020-10-04T12:40:02.131406Z,18,92929045,68537452
2020-10-04T12:50:03.056940Z,61,93222586,63545875
2020-10-04T13:00:02.865159Z,18,92726663,69053109
2020-10-04T13:10:02.919650Z,19,93413324,68671582
2020-10-04T13:20:02.116472Z,19,91741403,68966033
2020-10-04T13:30:03.053015Z,62,92500155,66801249
2020-10-04T13:40:02.684063Z,62,93039666,68908464
2020-10-04T13:50:02.906720Z,20,93360514,67235164
2020-10-04T14:00:02.947221Z,20,92451772,68972541
2020-10-04T14:10:03.035651Z,19,93245102,68376587
2020-10-04T14:20:02.178268Z,59,91889528,68611565
2020-10-04T14:30:02.595663Z,24,92660872,68827830
2020-10-04T14:40:02.624978Z,63,91784498,68179413
2020-10-04T14:50:02.917713Z,100,92173882,69320009
2020-10-04T15:00:02.432435Z,193,92415813,68151093
2020-10-04T15:10:02.704147Z,17,92455007,63323994
2020-10-04T15:20:02.882655Z,18,90911364,69245045
2020-10-04T15:30:02.918616Z,64,92909188,69290691
2020-10-04T15:40:02.282382Z,57,92438358,68387826
2020-10-04T15:50:02.604712Z,17,93201058,62731147
2020-10-04T16:00:02.606113Z,18,92606650,67906957
2020-10-04T16:10:02.820253Z,56,92557074,69209216
2020-10-04T16:20:02.143101Z,22,92728057,68330348
2020-10-04T16:30:02.159673Z,18,92399556,68498503
2020-10-04T16:40:02.272951Z,56,91587511,69308629
2020-10-04T16:50:02.528702Z,54,92394503,69161680
2020-10-04T17:00:02.941265Z,20,92335794,68831376
2020-10-04T17:10:02.220081Z,62,92106941,68776347
2020-10-04T17:20:02.616522Z,17,92933472,69120206
2020-10-04T17:30:02.544185Z,18,92652141,69151523
2020-10-04T17:40:02.581260Z,58,93375515,68106088
2020-10-04T17:50:02.724699Z,19,92698915,67897009
2020-10-04T18:00:02.792641Z,18,92808696,69327794
2020-10-04T18:10:02.831047Z,23,92731885,69602713
2020-10-04T18:20:03.029941Z,18,92230073,61894040
2020-10-04T18:30:03.077113Z,18,93118996,64547926
2020-10-04T18:40:02.124262Z,57,93190657,67275997
2020-10-04T18:50:02.453914Z,23,93337719,69027224
2020-10-04T19:00:02.382619Z,57,92745034,58843326
2020-10-04T19:10:02.704189Z,18,93049967,63951285
2020-10-04T19:20:02.782431Z,58,92235909,68049666
2020-10-04T19:30:02.116710Z,18,92541281,68773502
2020-10-04T19:40:02.290841Z,17,92975566,68322893
2020-10-04T19:50:02.200870Z,64,93029614,68825919
2020-10-04T20:00:02.459773Z,18,92884834,63214981
2020-10-04T20:10:02.500682Z,100,93087939,62618597
2020-10-04T20:20:03.029039Z,60,93113861,68499012
2020-10-04T20:30:02.360812Z,23,91372481,68809513
2020-10-04T20:40:02.573324Z,19,92625375,69495227
2020-10-04T20:50:02.505894Z,27,92616239,68027952
2020-10-04T21:00:03.178156Z,59,92379996,59471997
2020-10-04T21:10:02.806230Z,19,91214011,68369057
2020-10-04T21:20:03.076484Z,19,92533121,69312532
2020-10-04T21:30:02.097825Z,24,93068336,68806328
2020-10-04T21:40:02.151848Z,19,91391651,67517280
2020-10-04T21:50:02.573739Z,24,92093645,68627857
2020-10-04T22:00:02.699812Z,18,92350884,68979955
2020-10-04T22:10:02.783860Z,18,92031926,69537963
2020-10-04T22:20:03.607210Z,23,92538516,68887522
2020-10-04T22:30:02.659467Z,23,92653510,68315374
2020-10-04T22:40:02.760066Z,19,92079728,63240245
2020-10-04T22:50:02.930061Z,59,92585297,67345672
2020-10-04T23:00:02.422352Z,58,92379920,62407239
2020-10-04T23:10:02.831910Z,25,91557435,69315385
2020-10-04T23:20:03.082736Z,18,92935486,69317951
2020-10-04T23:30:03.045462Z,55,91495013,68764079
2020-10-04T23:40:02.618060Z,20,92665330,68769467
2020-10-04T23:50:02.560577Z,19,92968276,67845019
2020-10-05T00:00:02.511562Z,25,92419611,68900469
2020-10-05T00:10:02.647528Z,19,89227644,69141206
2020-10-05T00:20:02.154655Z,60,92563381,67990004
2020-10-05T00:30:02.629724Z,21,91684661,68921608
2020-10-05T00:40:02.761735Z,57,92021638,67410189
2020-10-05T00:50:02.164879Z,58,92476581,68237547
2020-10-05T01:00:02.967247Z,26,92010799,68935453
2020-10-05T01:10:02.180559Z,58,92552883,68326848
2020-10-05T01:20:02.655321Z,58,92965961,68686734
2020-10-05T01:30:02.841293Z,58,92868238,67264573
2020-10-05T01:40:02.327511Z,18,92246128,68409206
2020-10-05T01:50:02.353497Z,29,93401430,67423136
2020-10-05T02:00:02.332919Z,21,93262345,69036817
2020-10-05T02:10:02.395626Z,19,93046081,68225564
2020-10-05T02:20:02.818955Z,19,92808800,67866147
2020-10-05T02:30:02.939372Z,25,92616604,63610575
2020-10-05T02:40:03.082127Z,55,92499116,68406068
2020-10-05T02:50:02.363748Z,17,93058872,68316985
2020-10-05T03:00:02.307690Z,20,92446034,68985702
2020-10-05T03:10:02.416233Z,25,93219246,68378019
2020-10-05T03:20:02.552355Z,20,92615889,67459652
2020-10-05T03:30:02.696443Z,57,92842479,68808405
2020-10-05T03:40:03.270512Z,29,92431855,68623860
2020-10-05T03:50:02.329989Z,20,93145204,69197064
2020-10-05T04:00:02.248542Z,58,92821693,68282668
2020-10-05T04:10:02.488144Z,56,92874129,68322794
2020-10-05T04:20:02.921890Z,18,92431974,68694657
2020-10-05T04:30:03.031827Z,18,93229734,69226239
2020-10-05T04:40:03.020807Z,23,91606138,68199878
2020-10-05T04:50:02.165354Z,19,92001217,69722647
2020-10-05T05:00:02.859641Z,60,92269647,69284455
2020-10-05T05:10:02.247340Z,64,92355476,64342672
2020-10-05T05:20:02.736761Z,18,92100183,61930792
2020-10-05T05:30:02.795483Z,59,93153847,69205637
2020-10-05T05:40:02.073626Z,17,92405055,68277560
2020-10-05T05:50:03.053598Z,59,92479442,69337391
2020-10-05T06:00:02.279239Z,23,93325016,67611707
2020-10-05T06:10:02.492137Z,19,92710451,68743433
2020-10-05T06:20:02.874396Z,17,92730052,64449028
2020-10-05T06:30:03.096113Z,19,92801940,67263372
2020-10-05T06:40:02.303780Z,24,93167687,69390234
2020-10-05T06:50:02.278564Z,17,91452796,69096632
2020-10-05T07:00:02.351518Z,28,93258983,68197839
2020-10-05T07:10:02.407003Z,18,93049002,69375040
2020-10-05T07:20:02.477304Z,58,92900450,68788910
2020-10-05T07:30:02.687788Z,57,93140107,69212200
2020-10-05T07:40:03.017155Z,24,92292014,67279245
2020-10-05T07:50:02.099958Z,19,91986077,67995411
2020-10-05T08:00:02.154672Z,30,92835832,68113097
2020-10-05T08:10:02.268222Z,18,92440453,67529158
2020-10-05T08:20:02.380720Z,18,92265715,67575920
2020-10-05T08:30:02.370409Z,18,93195158,68236531
2020-10-05T08:40:02.371294Z,62,92996865,67662310
2020-10-05T08:50:02.583040Z,18,92606243,68734599
2020-10-05T09:00:02.703940Z,107,92848415,66555041
2020-10-05T09:30:02.478379Z,29,92512971,69323922
2020-10-05T09:40:02.620962Z,18,92464248,68049414
2020-10-05T09:50:02.711603Z,19,92857534,69260135
2020-10-05T10:00:02.687593Z,93,92820492,66740481
2020-10-05T10:10:02.089971Z,56,93319584,69102278
2020-10-05T10:20:02.683444Z,64,93001861,69200576
2020-10-05T10:30:02.880266Z,55,92740680,67855385
2020-10-05T10:40:02.331143Z,20,93043766,69077675
2020-10-05T10:50:02.318917Z,18,92880030,65866221
2020-10-05T11:00:02.237486Z,57,91513885,69283118
2020-10-05T11:10:02.639502Z,19,92803667,68426910
2020-10-05T11:20:02.737772Z,25,91480071,68365244
2020-10-05T11:30:02.696854Z,18,93025273,67583576
2020-10-05T11:40:03.179956Z,59,93287223,68995817
2020-10-05T11:50:02.335491Z,56,91294759,68833578
2020-10-05T12:00:02.633935Z,19,93186212,68688810
2020-10-05T12:10:02.655057Z,19,92433779,68951543
2020-10-05T12:20:02.778250Z,24,92851761,69151960
2020-10-05T12:30:02.746750Z,58,92882471,68961845
2020-10-05T12:40:03.034351Z,58,92044628,68899789
2020-10-05T12:50:02.318089Z,96,92144275,68940140
2020-10-05T13:00:03.413958Z,61,93073873,69363817
2020-10-05T13:10:02.709113Z,17,92864525,68799657
2020-10-05T13:20:02.775898Z,24,92929704,68040482
2020-10-05T13:30:02.762122Z,19,92595247,68505995
2020-10-05T13:40:02.863411Z,19,93066117,68499270
2020-10-05T13:50:02.804137Z,19,92835618,69522275
2020-10-05T14:00:02.728306Z,54,92495741,61332706
2020-10-05T14:10:02.236612Z,19,93093322,9559405
2020-10-05T14:20:03.592842Z,61,92350359,68126019
2020-10-05T14:30:02.966854Z,56,92320790,67100634
2020-10-05T14:40:02.278426Z,57,92555402,68923350
2020-10-05T14:50:02.453383Z,20,92791554,68837446
2020-10-05T15:00:02.443269Z,97,92015862,64979628
2020-10-05T15:10:03.048133Z,19,93243741,69679040
2020-10-05T15:20:02.100331Z,18,92956826,68192776
2020-10-05T15:30:02.118070Z,60,92514614,69152877
2020-10-05T15:40:02.633396Z,57,92465093,69155267
2020-10-05T15:50:02.812126Z,57,92497804,69190426
2020-10-05T16:00:02.991224Z,64,92974115,68563635
2020-10-05T16:10:02.328821Z,18,92155946,68017211
2020-10-05T16:20:02.447726Z,20,91165691,68957362
2020-10-05T16:30:02.521147Z,59,92762644,67971534
2020-10-05T16:40:02.938091Z,66,92666306,67912836
2020-10-05T16:50:02.126885Z,19,93235973,68703476
2020-10-05T17:00:03.526623Z,20,92439377,69476497
2020-10-05T17:10:02.615346Z,18,92851078,66898977
2020-10-05T17:20:02.679381Z,61,92834879,69574165
2020-10-05T17:30:02.854416Z,536,93142286,69262107
2020-10-05T17:40:02.964382Z,64,92542661,68542311
2020-10-05T17:50:02.182329Z,20,92318118,69084095
2020-10-05T18:00:02.216992Z,20,92823855,67738771
2020-10-05T18:10:02.378553Z,22,93376624,68769080
2020-10-05T18:20:02.692431Z,18,92844909,68624577
2020-10-05T18:30:02.587719Z,98,91996611,66574255
2020-10-05T18:40:02.301852Z,59,92601020,62688030
2020-10-05T18:50:02.523511Z,17,92647288,68546468
2020-10-05T19:00:02.535643Z,23,93501013,65514682
2020-10-05T19:10:02.787449Z,18,93154607,67787882
2020-10-05T19:20:02.882549Z,96,92648996,67563451
2020-10-05T19:30:02.304392Z,23,92779759,69168623
2020-10-05T19:40:02.932936Z,19,92655707,68668206
2020-10-05T19:50:02.995638Z,64,92162424,68933500
2020-10-05T20:00:02.283366Z,55,92462469,69245060
2020-10-05T20:10:02.600929Z,19,92285571,68838102
2020-10-05T20:20:02.699356Z,26,93247451,68211261
2020-10-05T20:30:02.799650Z,17,92910283,68821094
2020-10-05T20:40:02.865755Z,19,93251700,63078227
2020-10-05T20:50:02.967913Z,59,93399260,67538009
2020-10-05T21:00:02.467247Z,56,92712787,68307980
2020-10-05T21:10:02.911445Z,18,92241748,68270733
2020-10-05T21:20:03.020249Z,62,92972467,68835470
2020-10-05T21:30:02.229194Z,19,93215924,67527180
2020-10-05T21:40:02.252298Z,18,93055621,68328498
2020-10-05T21:50:02.271939Z,19,92937163,68979059
2020-10-05T22:00:02.293095Z,62,92732087,69253490
2020-10-05T22:10:02.601913Z,57,91821033,68717225
2020-10-05T22:20:03.130964Z,58,92791462,69265917
2020-10-05T22:30:02.307325Z,19,93374094,69435032
2020-10-05T22:40:02.371742Z,56,92578831,69135740
2020-10-05T22:50:02.563906Z,24,93317378,63077496
2020-10-05T23:00:02.528224Z,59,92320809,63074419
2020-10-05T23:10:02.875496Z,57,92481723,68650078
2020-10-05T23:20:02.225223Z,58,92271747,68563486
2020-10-05T23:30:02.565437Z,57,92390922,69304895
2020-10-05T23:40:03.434316Z,19,91562628,67642049
2020-10-05T23:50:02.613940Z,25,93170342,68691166
2020-10-06T00:00:02.565767Z,18,93000727,69328397
2020-10-06T00:10:02.601142Z,25,92856811,68810744
2020-10-06T00:20:02.751691Z,19,92955128,69108538
2020-10-06T00:30:02.702978Z,58,93014427,68702187
2020-10-06T00:40:02.971012Z,23,92662442,68865816
2020-10-06T00:50:02.989446Z,23,92581080,69176625
2020-10-06T01:00:03.558642Z,20,92949949,67470490
2020-10-06T01:10:02.773395Z,25,92528263,69086291
2020-10-06T01:20:02.894236Z,56,93118014,69027795
2020-10-06T01:30:03.040384Z,24,92660772,69226898
2020-10-06T01:40:02.133969Z,19,92936334,68353983
2020-10-06T01:50:03.035495Z,19,92192187,67625846
2020-10-06T02:00:02.112990Z,19,92856523,68593965
2020-10-06T02:10:02.189325Z,62,92829714,69261049
2020-10-06T02:20:02.723092Z,20,91693048,68755008
2020-10-06T02:30:02.847298Z,23,92488482,67153750
2020-10-06T02:40:02.102483Z,60,92791258,69412093
2020-10-06T02:50:02.265381Z,19,92625368,68665384
2020-10-06T03:00:02.204601Z,60,92616068,69144687
2020-10-06T03:10:02.542651Z,62,93004727,68503185
2020-10-06T03:20:02.795176Z,23,93150232,69258396
2020-10-06T03:30:02.758993Z,18,92243620,69076803
2020-10-06T03:40:03.399548Z,19,91675940,66414303
2020-10-06T03:50:02.732721Z,22,92200734,68809599
2020-10-06T04:00:02.765404Z,59,92503756,68844183
2020-10-06T04:10:02.100409Z,57,93261109,68558213
2020-10-06T04:20:02.368199Z,63,91874085,67994818
2020-10-06T04:30:02.779829Z,18,92675937,69076591
2020-10-06T04:40:02.788154Z,55,92132258,68332597
2020-10-06T04:50:02.111430Z,68,92218975,68460243
2020-10-06T05:00:03.158265Z,59,92753301,68002188
2020-10-06T05:10:02.592418Z,63,92088915,67992275
2020-10-06T05:20:03.068466Z,19,93047273,68338429
2020-10-06T05:30:02.109590Z,17,92499590,69336799
2020-10-06T05:40:02.163715Z,60,92577000,66737288
2020-10-06T05:50:02.786527Z,60,93150909,68316445
2020-10-06T06:00:02.919838Z,23,92880706,69113441
2020-10-06T06:10:02.980307Z,59,93075746,67573572
2020-10-06T06:20:02.420794Z,18,93160875,69485439
2020-10-06T06:30:02.355070Z,17,92567044,69161741
2020-10-06T06:40:02.394388Z,19,93031531,68771141
2020-10-06T06:50:02.270553Z,31,92665059,63285110
2020-10-06T07:00:02.369425Z,16,93056754,68546299
2020-10-06T07:10:02.379590Z,20,92608649,67449651
2020-10-06T07:20:02.602563Z,19,92898717,69104688
2020-10-06T07:30:02.531228Z,106,93146361,68742897
2020-10-06T07:40:02.282715Z,18,93029867,68215899
2020-10-06T07:50:02.200453Z,107,91940000,68837561
2020-10-06T08:00:02.808657Z,18,92853594,68026268
2020-10-06T08:10:02.892516Z,24,92488300,68785414
2020-10-06T08:20:02.989755Z,18,92853791,69356248
2020-10-06T08:30:02.924620Z,20,92844322,69345849
2020-10-06T08:40:02.919777Z,61,92770053,69138051
2020-10-06T08:50:02.080918Z,20,92831977,57609211
2020-10-06T09:00:03.219878Z,58,92236785,69078925
2020-10-06T09:10:02.592335Z,139,92698324,68891741
2020-10-06T09:20:02.415342Z,19,93372941,67392846
2020-10-06T09:30:02.298188Z,25,91616466,68329940
2020-10-06T09:40:02.451979Z,18,93127565,68019754
2020-10-06T09:50:02.393478Z,19,92847233,68854687
2020-10-06T10:00:02.336711Z,18,92223736,69441234
2020-10-06T10:10:02.188760Z,22,93258832,68864622
2020-10-06T10:20:02.808664Z,20,91465241,69266688
2020-10-06T10:30:03.036799Z,24,92949088,68364259
2020-10-06T10:40:02.156223Z,18,93017733,69005085
2020-10-06T10:50:02.102792Z,19,93176818,68298082
2020-10-06T11:00:03.036964Z,64,92437905,68087480
2020-10-06T11:10:02.600452Z,23,91703145,69503994
2020-10-06T11:20:02.784373Z,94,92181241,69008921
2020-10-06T11:30:02.212829Z,18,92402121,69191181
2020-10-06T11:40:02.510652Z,57,93286205,68790961
2020-10-06T11:50:02.642905Z,25,91584188,68970840
2020-10-06T12:00:02.651896Z,18,91429933,67733890
2020-10-06T12:10:02.749800Z,24,93103104,68942776
2020-10-06T12:20:02.918598Z,58,93053903,68764436
2020-10-06T12:30:03.062243Z,63,92763440,69036024
2020-10-06T12:40:02.364212Z,18,91632107,68033645
2020-10-06T12:50:02.555385Z,20,93208137,67356137
2020-10-06T13:00:03.145532Z,18,93204200,67404120
2020-10-06T13:10:02.372548Z,60,92928110,69194752
2020-10-06T13:20:02.675695Z,18,92714937,68786539
2020-10-06T13:30:02.610197Z,66,92459194,68826767
2020-10-06T13:40:02.974612Z,97,93121251,67867527
2020-10-06T13:50:02.465902Z,20,90984367,67541851
2020-10-06T14:00:02.812516Z,63,92195881,68723037
2020-10-06T14:10:02.209249Z,57,92572532,68971390
2020-10-06T14:20:02.579151Z,23,92799732,68170355
2020-10-06T14:30:02.618390Z,18,92814593,69048002
2020-10-06T14:40:02.676420Z,65,93250730,68371157
2020-10-06T14:50:02.917734Z,95,92279935,67224233
2020-10-06T15:00:02.433436Z,22,93313620,67121295
2020-10-06T15:10:02.520706Z,18,92551688,66910877
2020-10-06T15:20:02.902964Z,18,92588792,68503997
2020-10-06T15:30:02.940389Z,58,92763467,68486929
2020-10-06T15:40:02.884689Z,29,92336325,67947627
2020-10-06T15:50:03.026958Z,56,92495248,67902438
2020-10-06T16:00:02.177269Z,101,91978796,68567466
2020-10-06T16:10:02.819618Z,16,92419145,69026759
2020-10-06T16:20:02.871756Z,55,93303013,68300874
2020-10-06T16:30:02.969532Z,19,93200890,69300515
2020-10-06T16:40:02.076683Z,63,92398169,67906794
2020-10-06T16:50:02.427500Z,63,92729828,68904689
2020-10-06T17:00:03.026958Z,18,92998367,64612818
2020-10-06T17:10:02.079051Z,18,92226565,68559592
2020-10-06T17:20:02.219767Z,25,92622134,67283070
2020-10-06T17:30:02.323594Z,96,93221840,68294301
2020-10-06T17:40:02.829386Z,95,93082491,68894938
2020-10-06T17:50:02.212176Z,17,92653340,68364168
2020-10-06T18:00:02.122059Z,19,92953416,69008904
2020-10-06T18:10:02.119041Z,23,92585602,69024024
2020-10-06T18:20:02.432856Z,18,93062563,67088487
2020-10-06T18:30:02.439737Z,18,92538828,69218301
2020-10-06T18:40:02.515587Z,17,93041112,68532362
2020-10-06T18:50:02.475448Z,22,93095142,69099810
2020-10-06T19:00:02.442424Z,28,93125742,65396227
2020-10-06T19:10:02.505501Z,57,92807067,68555688
2020-10-06T19:20:02.810510Z,57,93272692,68793302
2020-10-06T19:30:02.922268Z,58,92847247,58028701
2020-10-06T19:40:02.624666Z,21,92573709,68167060
2020-10-06T19:50:02.728631Z,62,91188129,67157741
2020-10-06T20:00:03.059566Z,18,93429004,68742846
2020-10-06T20:10:03.047008Z,20,93218198,68353297
2020-10-06T20:20:02.061498Z,20,92727302,68440049
2020-10-06T20:30:02.093656Z,20,92691161,68356372
2020-10-06T20:40:02.178218Z,24,92672939,68717160
2020-10-06T20:50:02.238947Z,18,92950670,68272507
2020-10-06T21:00:02.366558Z,19,93020130,68779316
2020-10-06T21:10:02.375282Z,66,93042551,69197312
2020-10-06T21:20:02.645000Z,18,93236680,67544521
2020-10-06T21:30:02.669310Z,58,93072594,68431025
2020-10-06T21:40:02.914429Z,19,92723838,67286242
2020-10-06T21:50:02.789681Z,27,93171772,68026535
2020-10-06T22:00:02.868562Z,19,93176212,69296084
2020-10-06T22:10:02.886282Z,20,92545859,67555719
2020-10-06T22:20:02.351992Z,21,93018797,67275702
2020-10-06T22:30:02.475058Z,18,92501065,68977638
2020-10-06T22:40:02.547441Z,23,93157775,69526863
2020-10-06T22:50:02.587313Z,56,92697852,67362568
2020-10-06T23:00:02.923648Z,20,92843195,66494688
2020-10-06T23:10:02.284213Z,18,92894803,68192979
2020-10-06T23:20:02.485336Z,18,92363734,69069817
2020-10-06T23:30:02.485445Z,19,92123184,68536567
2020-10-06T23:40:02.770776Z,29,90344036,68677319
2020-10-06T23:50:03.076758Z,20,92879095,68656884
2020-10-07T00:00:03.030143Z,58,93023725,69033758
2020-10-07T00:10:02.301054Z,20,92566689,67204373
2020-10-07T00:20:02.711608Z,25,92713958,68569051
2020-10-07T00:30:02.775208Z,56,92682338,68076012
2020-10-07T00:40:03.023941Z,54,92408662,68282009
2020-10-07T00:50:02.207296Z,60,92553748,63372525
2020-10-07T01:00:02.761166Z,57,92857883,68801373
2020-10-07T01:10:02.117150Z,23,93017369,68752429
2020-10-07T01:20:02.209884Z,18,92658548,69215567
2020-10-07T01:30:02.144735Z,19,93184453,68901873
2020-10-07T01:40:02.157200Z,17,92236722,69343877
2020-10-07T01:50:02.153023Z,18,92529784,69272099
2020-10-07T02:00:02.127056Z,68,93149432,68843506
2020-10-07T02:10:02.415809Z,19,89725706,68373006
2020-10-07T02:20:02.817623Z,19,93124345,69017467
2020-10-07T02:30:02.766665Z,19,92792573,68239904
2020-10-07T02:40:02.852830Z,19,93340142,68031193
2020-10-07T02:50:02.766404Z,24,93020418,67808994
2020-10-07T03:00:02.734987Z,23,92003357,69484728
2020-10-07T03:10:02.897050Z,19,92525851,68622213
2020-10-07T03:20:02.997043Z,24,93074950,67637081
2020-10-07T03:30:02.129397Z,58,92339669,67608830
2020-10-07T03:40:03.058235Z,20,92894847,69355022
2020-10-07T03:50:03.007812Z,19,91977357,69242893
2020-10-07T04:00:03.039808Z,25,92430812,68311953
2020-10-07T04:10:02.290332Z,19,92569388,68582947
2020-10-07T04:20:02.382448Z,59,93038148,68795687
2020-10-07T04:30:02.647784Z,18,93078630,67889862
2020-10-07T04:40:02.914041Z,19,92716345,68431347
2020-10-07T04:50:02.877103Z,18,93320291,68145122
2020-10-07T05:00:03.654718Z,27,93059403,67768983
2020-10-07T05:10:02.911060Z,59,92507944,68024766
2020-10-07T05:20:02.291543Z,18,93292278,68946488
2020-10-07T05:30:02.154924Z,19,93095642,68540882
2020-10-07T05:40:02.139669Z,18,92927692,68280620
2020-10-07T05:50:02.082613Z,67,92042536,68813855
2020-10-07T06:00:02.395608Z,58,93083684,68975898
2020-10-07T06:10:02.678790Z,20,93160330,68132206
2020-10-07T06:20:02.956703Z,58,93032482,68218272
2020-10-07T06:30:02.270586Z,18,92827089,67895831
2020-10-07T06:40:02.428263Z,19,91915372,68577885
2020-10-07T06:50:02.444964Z,24,92732125,67232033
2020-10-07T07:00:02.619595Z,20,93139954,67065375
